[
  {
    "name": "theme_info",
    "theme_name": "Crutchfield Theme",
    "theme_version": "2.0.0",
    "theme_author": "BryanYeh",
    "theme_documentation_url": "https://github.com/BryanYeh/crutchfield-theme",
    "theme_support_url": "https://github.com/BryanYeh/crutchfield-theme"
  },
  {
    "name": "Logo",
    "settings": [
      {
        "label": "Logo image",
        "id": "logo",
        "type": "image_picker"
      },
      {
        "label": "Slogan",
        "id": "slogan",
        "type": "text",
        "info": "Will be displayed in large screens or bigger under logo"
      }
    ]
  },
  {
    "name": "Favicon",
    "settings": [
      {
        "label": "Favicon image",
        "id": "favicon",
        "type": "image_picker",
        "info": "Will be scaled down to 32x32 px"
      }
    ]
  },
  {
    "name": "Search",
    "settings": [
      {
        "label": "Enable predictive search",
        "id": "predictive_search",
        "type": "checkbox",
        "default": true
      },
      {
        "label": "Results per Page",
        "id": "results_per_page",
        "type": "range",
        "min": 12,
        "max": 48,
        "step": 12,
        "default": 12
      }
    ]
  },
  {
    "name": "Shopping Cart Icon",
    "settings": [
      {
        "type": "select",
        "id": "cart_icon",
        "options": [
          {
            "value": "bag",
            "label": "Shopping Bag"
          },
          {
            "value": "cart",
            "label": "Shopping Cart"
          }
        ],
        "default": "cart"
      }
    ]
  },
  {
    "name": "Social Media",
    "settings": [
      {
        "label": "Facebook",
        "id": "social_facebook",
        "type": "text",
        "info": "https://www.facebook.com/shopify"
      },
      {
        "label": "Twitter",
        "id": "social_twitter",
        "type": "text",
        "info": "https://twitter.com/shopify"
      },
      {
        "label": "Pinterest",
        "id": "social_pinterest",
        "type": "text",
        "info": "https://www.pinterest.com/shopify"
      },
      {
        "label": "Instagram",
        "id": "social_instagram",
        "type": "text",
        "info": "https://instagram.com/shopify"
      },
      {
        "label": "Snapchat",
        "id": "social_snapchat",
        "type": "text",
        "info": "https://snapchat.com/add/shopify"
      },
      {
        "label": "Youtube",
        "id": "social_youtube",
        "type": "text",
        "info": "https://www.youtube.com/user/shopify"
      },
      {
        "label": "Linkedin",
        "id": "social_linkedin",
        "type": "text",
        "info": "https://www.linkedin.com/in/shopify"
      }
    ]
  },
  {
    "name": "Collection",
    "settings": [
      {
        "label": "Producs per Page",
        "id": "products_per_page",
        "type": "range",
        "min": 12,
        "max": 48,
        "step": 12,
        "default": 12
      }
    ]
  },
  {
    "name": "Blog",
    "settings": [
      {
        "label": "Articles per Page",
        "id": "articles_per_page",
        "type": "range",
        "min": 12,
        "max": 48,
        "step": 12,
        "default": 12
      }
    ]
  },
  {
    "name": "404 Page",
    "settings": [
      {
        "type": "select",
        "id": "page_not_found",
        "label": "Image",
        "options": [
          {
            "value": "404",
            "label": "404"
          },
          {
            "value": "not_found",
            "label": "Not found"
          }
        ],
        "default": "404"
      }
    ]
  }
]
